,Dataset,iteration,isMasked,threshold,MALE_test,RMSE_test,MAPE_test,MALE_train,RMSE_train,MAPE_train
0,fc,1,False,0.1,0.09907492523882157,23002.739350513708,6.464214015151579,0.09521958667310745,22242.852641223464,6.214127351448176
0,fc,1,True,0.01,0.10217551922821859,23842.778674902514,6.615983269960185,0.09308497618380099,21769.341531587434,6.052685948849854
0,fc,1,True,0.05,0.09839969796336683,22994.088954009647,6.454821122475895,0.09612293036964115,22455.77563291533,6.229316239563969
0,fc,1,True,0.1,0.0987591620015545,22925.081684736262,6.456204936417749,0.09680330977558803,22518.50361541636,6.320804110228946
0,fc,1,True,0.2,0.0993092422398631,23042.44522275742,6.493139460925522,0.09687840415504845,22682.772246842986,6.317421615243764
0,fc,1,True,0.35,0.099173629721488,23206.926396821735,6.488118836924303,0.09414770194844975,22145.89614978249,6.125062901394142
0,fc,1,True,0.6,0.09972829607335815,23199.473537934922,6.462754192020482,0.09426232692597568,22103.50456736063,6.087215240036215
0,fc,1,True,0.8,0.09922759843740903,22950.96526029254,6.533377177820787,0.09595445547276113,22424.714754168683,6.23103227263168
0,fc,1,True,1.0,0.09912231219012407,23177.126345689237,6.4837263383926205,0.0944414657919072,22039.597357654835,6.140184544215885
